<?xml version="1.0" encoding="UTF-8"?>
<NFe xmlns="http://www.portalfiscal.inf.br/nfe">
  <infNFe versao="4.00" Id="NFe12345678901234567890123456789012345678901234">
    <ide>
      <cUF>35</cUF>
      <cNF></cNF>
      <natOp>venda</natOp>
      <mod>65</mod>
      <serie></serie>
      <nNF></nNF>
      <dhEmi></dhEmi>
      <tpNF>0</tpNF>
      <idDest>0</idDest>
      <cMunFG>3550308</cMunFG>
      <tpImp>4</tpImp>
      <tpEmis>0</tpEmis>
      <cDV>0</cDV>
      <tpAmb>0</tpAmb>
      <finNFe>0</finNFe>
      <indFinal>1</indFinal>
      <indPres>1</indPres>
      <procEmi>0</procEmi>
      <verProc></verProc>
    </ide>
    <emit>
      <CNPJ>29720473000145</CNPJ>
      <xNome>29.720.473 FERNANDA SERAFIM ABRANTES</xNome>
      <xFant>29.720.473 FERNANDA SERAFIM ABRANTES</xFant>
      <enderEmit>
        <xLgr>RUA JOAO JOSE DE QUEIROZ</xLgr>
        <nro>111</nro>
        <xCpl>333</xCpl>
        <xBairro>xyz</xBairro>
        <cMun>3550308</cMun>
        <xMun>SAO PAULO</xMun>
        <UF>SP</UF>
        <CEP>03.679-000</CEP>
        <cPais>1058</cPais>
        <xPais>Brasil</xPais>
      </enderEmit>
      <IE>128237060114</IE>
      <CRT>1</CRT>
    </emit>
    <det nItem="1">
      <prod>
        <cProd>123</cProd>
        <cEAN>SEM GTIN</cEAN>
        <xProd>NFCe - Homologacao</xProd>
        <NCM>22030000</NCM>
        <CEST>0302100</CEST>
        <indEscala>S</indEscala>
        <CFOP>5102</CFOP>
        <uCom>UN</uCom>
        <qCom>1.0000</qCom>
        <vUnCom>1.00</vUnCom>
        <vProd></vProd>
        <cEANTrib>SEM GTIN</cEANTrib>
        <uTrib>UN</uTrib>
        <qTrib>1.0000</qTrib>
        <vUnTrib>1.00</vUnTrib>
        <indTot>1</indTot>
      </prod>
      <imposto>
        <ICMS>
          <ICMSSN102>
            <orig>0</orig>
            <CSOSN>102</CSOSN>
          </ICMSSN102>
        </ICMS>
        <PIS>
          <PISAliq>
            <CST>99</CST>
            <vBC>1.00</vBC>
            <pPIS>1.65</pPIS>
            <vPIS>0.02</vPIS>
          </PISAliq>
        </PIS>
        <COFINS>
          <COFINSAliq>
            <CST>01</CST>
            <vBC>1.00</vBC>
            <pCOFINS>7.60</pCOFINS>
            <vCOFINS>0.08</vCOFINS>
          </COFINSAliq>
        </COFINS>
      </imposto>
    </det>
    <pag>
      <detPag>
        <tPag>01</tPag>
        <vPag>10000.00</vPag>
      </detPag>
      <vTroco>0.00</vTroco>
    </pag>
  </infNFe>
</NFe>